,component,days,delay,level,preparation,temps_indirect,total_days
0,3551153,0.534468085106383,9,1,0.0,0.0,9.534468085106383
0,5144A,0.4248765957446809,7,2,0.0,0.0,7.4248765957446805
0,5144B,10.193191489361702,7,2,0.0,0.0,17.193191489361702
0,5144C,10.188080000000001,7,2,0.0,0.0,17.18808
0,5144D,10.181574468085106,7,2,0.0,0.0,17.181574468085106
0,5144E,10.167016170212765,7,2,0.0,0.0,17.167016170212765
0,5144F,0.0,0,3,0.0,0.0,0.0
0,5144G,54.97872340425532,0,3,0.0,0.0,54.97872340425532
0,5144H,41.19148936170213,0,3,0.0,0.0,41.19148936170213
0,5144J,41.19148936170213,0,3,0.0,0.0,41.19148936170213
0,7203B,0.1276595744680851,0,4,0.0,0.0,0.1276595744680851
