,component,days,delay,level,preparation,temps_indirect,total_days
0,62787,1.7461702127659575,9,1,0.0,0.0,10.746170212765957
0,6287A,10.356209361702128,7,2,0.0,0.0,17.356209361702128
0,6287B,10.356209361702128,7,2,0.0,0.0,17.356209361702128
0,6287C,10.297872340425533,0,3,0.0,0.0,10.297872340425533
0,6287D,10.46808510638298,0,3,0.0,0.0,10.46808510638298
0,6297Y,27.23404255319149,0,4,0.0,0.0,27.23404255319149
0,6287E,0.7659574468085106,0,4,0.0,0.0,0.7659574468085106
0,6297Y,27.23404255319149,0,4,0.0,0.0,27.23404255319149
0,8623W,0.5106382978723404,0,5,0.0,0.0,0.5106382978723404
0,8623W,0.5106382978723404,0,5,0.0,0.0,0.5106382978723404
