level,total_days,component
1,12.570212765957447,72340
2,56.206382978723404,7287G
3,62.04255319148936,7306Z1H
4,44.5531914893617,7287Q
5,46.773106382978725,7303Z
6,115.74468085106383,4020W
7,115.74468085106383,4008W
