level,total_days,component
1,9.601872340425532,72382
2,58.09842029630506,7238B
3,41.70212765957447,7110V
4,43.0,7374V
5,6.808510638297872,7221A
6,0.1276595744680851,7203B
