level,total_days,component
1,9.395957446808511,72832
2,59.98595744680851,7383A
3,61.702127659574465,7275Z2F
4,42.659574468085104,7275Z
5,73.57446808510637,5954A
6,115.74468085106383,8047W
7,44.40028752156412,5247S1F
8,42.659574468085104,5247S
9,73.57446808510637,5247T
10,115.74468085106383,8060W
