level,total_days,component
1,146.25531914893617,7201L
2,115.74468085106383,4160W
3,115.74468085106383,4160W
4,73.57446808510639,5954X
5,115.74468085106383,8013W
