level,total_days,component
1,10.76436170212766,62786
2,17.363991489361702,6278A
3,13.702127659574469,6278C
4,27.23404255319149,6297Y
5,0.5106382978723404,8623W
