level,total_days,component
1,9.300574468085106,3551165
2,17.151158936170212,5144E
3,41.19148936170213,5144H
4,0.1276595744680851,7203B
