level,total_days,component
1,9.340425531914894,3551177
2,16.929364340425533,5177D
3,41.19148936170213,5144J
4,61.361702127659576,7356N1H
5,42.659574468085104,7356N
6,73.57446808510637,5956J
7,115.74468085106383,8052W
8,73.57446808510637,5954G
9,115.74468085106383,8045W
10,115.74468085106383,8045W
