level,total_days,component
1,9.404254893617022,62804
2,7.152476595744681,6280B
3,41.11489361702128,6179H
4,27.23404255319149,6297Y
5,0.5106382978723404,8623W
