level,total_days,component
1,9.678723404255319,3550180
2,55.38765957446809,5180A
3,62.04255319148936,7020Z1C
4,43.69062679700978,5180M
5,8.170212765957448,7020Z
6,23.829787234042552,7020W
