level,total_days,component
1,11.859531914893617,72386
2,48.3,7286A
3,41.361702127659576,7354M1H
4,92.63829787234042,7201L
5,115.74468085106383,4160W
6,115.74468085106383,4160W
7,73.57446808510637,5954X
8,115.74468085106383,4997W
