level,total_days,component
1,9.534468085106383,3551153
2,17.193191489361702,5144B
3,54.97872340425532,5144G
4,0.1276595744680851,7203B
