level,total_days,component
1,9.45595744680851,62792
2,19.976154993863943,6292H
3,41.11489361702128,6292L
4,27.23404255319149,6297Y
5,0.5106382978723404,8623W
