level,total_days,component
1,10.746170212765957,62787
2,17.356209361702128,6287A
3,10.46808510638298,6287D
4,27.23404255319149,6297Y
5,0.5106382978723404,8623W
