level,total_days,component
1,9.691489361702128,72842
2,37.11963829787234,7275C
3,20.851063829787236,7275G
4,2.5247659574468084,7275M
