level,total_days,component
1,10.260851063829787,72315
2,56.32212765957447,7213A
3,42.21276595744681,7213S
4,43.85853939045428,7505L
5,46.773106382978725,7303Z
6,115.74468085106383,4020W
7,6.900517538815412,3315H
8,0.3450258769407706,3311U
