level,total_days,component
1,9.746625531914894,72279
2,56.921276595744686,7178A
3,42.723404255319146,7254Q1H
4,92.63829787234042,7201L
5,115.74468085106383,4160W
6,115.74468085106383,4020W
7,115.74468085106383,4007W
8,115.74468085106383,8013W
9,115.74468085106383,4007W
