level,total_days,component
1,10.470914902776125,63757
2,2.4254893617021276,6374R
3,7.51063829787234,6374N
4,3.0,705004
